Model,Original_Accuracy,Tuned_Accuracy,Original_AUC,Tuned_AUC,Accuracy_Improvement,AUC_Improvement,Best_Params
Logistic Regression,0.930171277997365,0.9367588932806324,0.9822138705907991,0.984317383538068,0.006587615283267456,0.0021035129472688485,"{'C': 10, 'penalty': 'l2', 'solver': 'liblinear'}"
Random Forest,0.9120187381056947,0.9120187381056947,0.9716030899797011,0.9716030899797011,0.0,0.0,"{'max_depth': None, 'min_samples_leaf': 1, 'min_samples_split': 2, 'n_estimators': 100}"
SVM,0.9418825940565071,0.9437856829161178,0.9856970471201313,0.9862245554550807,0.0019030888596106577,0.0005275083349494114,"{'C': 10, 'gamma': 'scale', 'kernel': 'rbf'}"
Multinomial Naive Bayes,0.9303176694481042,0.9303176694481042,0.9813249523410783,0.9813249523410783,0.0,0.0,{'alpha': 1.0}
XGBoost,0.8802517932952716,0.896354852876592,0.9561417378905158,0.9680940463668546,0.01610305958132041,0.011952308476338769,"{'learning_rate': 0.2, 'max_depth': 10, 'n_estimators': 200}"
